{
  "hash": "bf0795d1",
  "configHash": "cdc4df51",
  "lockfileHash": "7c0cc760",
  "browserHash": "dc6d0c1c",
  "optimized": {
    "@angular/cdk/bidi": {
      "src": "../../../../../../node_modules/@angular/cdk/fesm2022/bidi.mjs",
      "file": "@angular_cdk_bidi.js",
      "fileHash": "dceef2e3",
      "needsInterop": false
    },
    "@angular/cdk/text-field": {
      "src": "../../../../../../node_modules/@angular/cdk/fesm2022/text-field.mjs",
      "file": "@angular_cdk_text-field.js",
      "fileHash": "48af7488",
      "needsInterop": false
    },
    "@angular/common": {
      "src": "../../../../../../node_modules/@angular/common/fesm2022/common.mjs",
      "file": "@angular_common.js",
      "fileHash": "b6685a7c",
      "needsInterop": false
    },
    "@angular/common/http": {
      "src": "../../../../../../node_modules/@angular/common/fesm2022/http.mjs",
      "file": "@angular_common_http.js",
      "fileHash": "c885fa15",
      "needsInterop": false
    },
    "@angular/core": {
      "src": "../../../../../../node_modules/@angular/core/fesm2022/core.mjs",
      "file": "@angular_core.js",
      "fileHash": "9f84cd45",
      "needsInterop": false
    },
    "@angular/forms": {
      "src": "../../../../../../node_modules/@angular/forms/fesm2022/forms.mjs",
      "file": "@angular_forms.js",
      "fileHash": "fda5e845",
      "needsInterop": false
    },
    "@angular/material/button": {
      "src": "../../../../../../node_modules/@angular/material/fesm2022/button.mjs",
      "file": "@angular_material_button.js",
      "fileHash": "ce08f5ea",
      "needsInterop": false
    },
    "@angular/material/form-field": {
      "src": "../../../../../../node_modules/@angular/material/fesm2022/form-field.mjs",
      "file": "@angular_material_form-field.js",
      "fileHash": "d4e987f7",
      "needsInterop": false
    },
    "@angular/material/input": {
      "src": "../../../../../../node_modules/@angular/material/fesm2022/input.mjs",
      "file": "@angular_material_input.js",
      "fileHash": "aaee0bd8",
      "needsInterop": false
    },
    "@angular/material/progress-spinner": {
      "src": "../../../../../../node_modules/@angular/material/fesm2022/progress-spinner.mjs",
      "file": "@angular_material_progress-spinner.js",
      "fileHash": "464fea18",
      "needsInterop": false
    },
    "@angular/material/toolbar": {
      "src": "../../../../../../node_modules/@angular/material/fesm2022/toolbar.mjs",
      "file": "@angular_material_toolbar.js",
      "fileHash": "6f56bf10",
      "needsInterop": false
    },
    "@angular/platform-browser": {
      "src": "../../../../../../node_modules/@angular/platform-browser/fesm2022/platform-browser.mjs",
      "file": "@angular_platform-browser.js",
      "fileHash": "febfc896",
      "needsInterop": false
    },
    "@angular/router": {
      "src": "../../../../../../node_modules/@angular/router/fesm2022/router.mjs",
      "file": "@angular_router.js",
      "fileHash": "de463a9e",
      "needsInterop": false
    },
    "zone.js": {
      "src": "../../../../../../node_modules/zone.js/fesm2015/zone.js",
      "file": "zone__js.js",
      "fileHash": "37d5b818",
      "needsInterop": true
    },
    "@angular/material/card": {
      "src": "../../../../../../node_modules/@angular/material/fesm2022/card.mjs",
      "file": "@angular_material_card.js",
      "fileHash": "97cc7e14",
      "needsInterop": false
    }
  },
  "chunks": {
    "chunk-Z22P4YTB": {
      "file": "chunk-Z22P4YTB.js"
    },
    "chunk-4SZJ5PCK": {
      "file": "chunk-4SZJ5PCK.js"
    },
    "chunk-VEPYSEDS": {
      "file": "chunk-VEPYSEDS.js"
    },
    "chunk-C3E6PGB4": {
      "file": "chunk-C3E6PGB4.js"
    },
    "chunk-WY2AQGWY": {
      "file": "chunk-WY2AQGWY.js"
    },
    "chunk-IRMRWSRJ": {
      "file": "chunk-IRMRWSRJ.js"
    },
    "chunk-4P3AIKIA": {
      "file": "chunk-4P3AIKIA.js"
    },
    "chunk-C7Y5XYYW": {
      "file": "chunk-C7Y5XYYW.js"
    },
    "chunk-GHW2UIII": {
      "file": "chunk-GHW2UIII.js"
    },
    "chunk-5HDIY6R5": {
      "file": "chunk-5HDIY6R5.js"
    },
    "chunk-Z3VEQW6T": {
      "file": "chunk-Z3VEQW6T.js"
    },
    "chunk-RLKVDIIJ": {
      "file": "chunk-RLKVDIIJ.js"
    },
    "chunk-YLHXK2KV": {
      "file": "chunk-YLHXK2KV.js"
    },
    "chunk-IJX55SC6": {
      "file": "chunk-IJX55SC6.js"
    },
    "chunk-GOMI4DH3": {
      "file": "chunk-GOMI4DH3.js"
    }
  }
}