{
  "hash": "a97b09da",
  "configHash": "05ebe5ff",
  "lockfileHash": "7c0cc760",
  "browserHash": "1bab436b",
  "optimized": {
    "@angular/cdk/bidi": {
      "src": "../../../../../../node_modules/@angular/cdk/fesm2022/bidi.mjs",
      "file": "@angular_cdk_bidi.js",
      "fileHash": "d437ada2",
      "needsInterop": false
    },
    "@angular/cdk/text-field": {
      "src": "../../../../../../node_modules/@angular/cdk/fesm2022/text-field.mjs",
      "file": "@angular_cdk_text-field.js",
      "fileHash": "a6c98840",
      "needsInterop": false
    },
    "@angular/common": {
      "src": "../../../../../../node_modules/@angular/common/fesm2022/common.mjs",
      "file": "@angular_common.js",
      "fileHash": "3fe984c9",
      "needsInterop": false
    },
    "@angular/common/http": {
      "src": "../../../../../../node_modules/@angular/common/fesm2022/http.mjs",
      "file": "@angular_common_http.js",
      "fileHash": "8bcbdb92",
      "needsInterop": false
    },
    "@angular/core": {
      "src": "../../../../../../node_modules/@angular/core/fesm2022/core.mjs",
      "file": "@angular_core.js",
      "fileHash": "08f87350",
      "needsInterop": false
    },
    "@angular/forms": {
      "src": "../../../../../../node_modules/@angular/forms/fesm2022/forms.mjs",
      "file": "@angular_forms.js",
      "fileHash": "c00b1e28",
      "needsInterop": false
    },
    "@angular/material/button": {
      "src": "../../../../../../node_modules/@angular/material/fesm2022/button.mjs",
      "file": "@angular_material_button.js",
      "fileHash": "0b1d73e5",
      "needsInterop": false
    },
    "@angular/material/form-field": {
      "src": "../../../../../../node_modules/@angular/material/fesm2022/form-field.mjs",
      "file": "@angular_material_form-field.js",
      "fileHash": "ab72f5d8",
      "needsInterop": false
    },
    "@angular/material/input": {
      "src": "../../../../../../node_modules/@angular/material/fesm2022/input.mjs",
      "file": "@angular_material_input.js",
      "fileHash": "04dd7061",
      "needsInterop": false
    },
    "@angular/material/progress-spinner": {
      "src": "../../../../../../node_modules/@angular/material/fesm2022/progress-spinner.mjs",
      "file": "@angular_material_progress-spinner.js",
      "fileHash": "4db9e76f",
      "needsInterop": false
    },
    "@angular/material/toolbar": {
      "src": "../../../../../../node_modules/@angular/material/fesm2022/toolbar.mjs",
      "file": "@angular_material_toolbar.js",
      "fileHash": "6c15e57c",
      "needsInterop": false
    },
    "@angular/platform-browser": {
      "src": "../../../../../../node_modules/@angular/platform-browser/fesm2022/platform-browser.mjs",
      "file": "@angular_platform-browser.js",
      "fileHash": "963bf969",
      "needsInterop": false
    },
    "@angular/platform-server/init": {
      "src": "../../../../../../node_modules/@angular/platform-server/fesm2022/init.mjs",
      "file": "@angular_platform-server_init.js",
      "fileHash": "66550216",
      "needsInterop": false
    },
    "@angular/router": {
      "src": "../../../../../../node_modules/@angular/router/fesm2022/router.mjs",
      "file": "@angular_router.js",
      "fileHash": "9b592912",
      "needsInterop": false
    },
    "@angular/ssr": {
      "src": "../../../../../../node_modules/@angular/ssr/fesm2022/ssr.mjs",
      "file": "@angular_ssr.js",
      "fileHash": "b1a02f6c",
      "needsInterop": false
    },
    "@angular/ssr/node": {
      "src": "../../../../../../node_modules/@angular/ssr/fesm2022/node.mjs",
      "file": "@angular_ssr_node.js",
      "fileHash": "d4fb65bb",
      "needsInterop": false
    },
    "express": {
      "src": "../../../../../../node_modules/express/index.js",
      "file": "express.js",
      "fileHash": "df5a39ee",
      "needsInterop": true
    },
    "zone.js/node": {
      "src": "../../../../../../node_modules/zone.js/fesm2015/zone-node.js",
      "file": "zone__js_node.js",
      "fileHash": "e8345069",
      "needsInterop": true
    },
    "@angular/material/card": {
      "src": "../../../../../../node_modules/@angular/material/fesm2022/card.mjs",
      "file": "@angular_material_card.js",
      "fileHash": "7953bf4a",
      "needsInterop": false
    }
  },
  "chunks": {
    "xhr2-E5RTESSH": {
      "file": "xhr2-E5RTESSH.js"
    },
    "chunk-YPWTUB4Q": {
      "file": "chunk-YPWTUB4Q.js"
    },
    "chunk-H2ZSFQMJ": {
      "file": "chunk-H2ZSFQMJ.js"
    },
    "chunk-L7S5UPPC": {
      "file": "chunk-L7S5UPPC.js"
    },
    "chunk-YR25IHVW": {
      "file": "chunk-YR25IHVW.js"
    },
    "chunk-RST5BDKE": {
      "file": "chunk-RST5BDKE.js"
    },
    "chunk-MA5HNWYB": {
      "file": "chunk-MA5HNWYB.js"
    },
    "chunk-DA6GMSBU": {
      "file": "chunk-DA6GMSBU.js"
    },
    "chunk-Q6IP6MU2": {
      "file": "chunk-Q6IP6MU2.js"
    },
    "chunk-MU6V2VJQ": {
      "file": "chunk-MU6V2VJQ.js"
    },
    "chunk-SI46JOKF": {
      "file": "chunk-SI46JOKF.js"
    },
    "chunk-QDWDMTAC": {
      "file": "chunk-QDWDMTAC.js"
    },
    "chunk-7CZNATHZ": {
      "file": "chunk-7CZNATHZ.js"
    },
    "chunk-GDOTPXXW": {
      "file": "chunk-GDOTPXXW.js"
    },
    "chunk-XUGCVUED": {
      "file": "chunk-XUGCVUED.js"
    },
    "chunk-ZVWDWOQO": {
      "file": "chunk-ZVWDWOQO.js"
    },
    "chunk-4H5SZSPU": {
      "file": "chunk-4H5SZSPU.js"
    },
    "chunk-6DU2HRTW": {
      "file": "chunk-6DU2HRTW.js"
    }
  }
}